title;description;accommodation;neighbourhood;rating;evaluators;typeAcomodation;price
Apartamento em Mana√≠ra;Uno Flats 201 - Comodidade, luxo e lazer;2 camas;Mana√≠ra;4.89;245;Apartamento;R$143
Apartamento em Tamba√∫;Lindo Flat na orla da praia de Tamba√∫.;1 cama de casal;Tamba√∫;4.44;274;Apartamento;R$137
Apartamento em Cabo Branco;GoldFlat Cabo Branco;1 cama;Cabo Branco;4.69;65;Apartamento;R$169
Apartamento em Mana√≠ra;Uno Flats #11 - luxo pertinho da praia;2 camas;Mana√≠ra;4.9;156;Apartamento;R$143
Apartamento em Intermares;Flat mobiliado na Praia ,Jo√£o pessoa / Cabedelo PB;2 camas;Intermares;4.6;175;Apartamento;R$80
Apartamento em Mana√≠ra;FLAT ONE #LT01;1 cama queen;Mana√≠ra;4.75;144;Apartamento;R$148
Apartamento em Cabo Branco;Flat com vista da piscina e perto do Mar;2 camas;Cabo Branco;4.76;68;Apartamento;R$146
Quarto inteiro em Jardim Oceania;Suite a metros da praia...;2 camas de casal;Jardim Oceania;4.94;185;Quarto inteiro;R$59
Apartamento em Intermares;Flat mobiliado Praia , Jo√£o pessoa / Cabedelo PB;2 camas;Intermares;4.7;282;Apartamento;R$91
Apartamento em Jo√£o Pessoa ;UnoFlat 307 -Comodidade, luxo, lazer num s√≥ lugar!;2 camas;Jo√£o Pessoa ;4.9;331;Apartamento;R$199
Apartamento em Cabo Branco;Apartamento Maravilhoso no Gold Flat;1 cama queen;Cabo Branco;4.58;107;Apartamento;R$160
Apartamento em Cabo Branco;Apart Flat 202 encantador, 100 metros do mar.;1 cama queen;Cabo Branco;4.7;104;Apartamento;R$181
Loft em Cabo Branco;Apto luxuoso em hotel na praia de Cabo Branco;3 camas;Cabo Branco;4.58;131;Outro;R$167
Apartamento em Cabo Branco;Apt amplo em luxuoso Hotel a 50 metros da praia;4 camas;Cabo Branco;4.83;69;Apartamento;R$160
Apartamento em Jo√£o Pessoa;√ìtimo Apartamento em  Tambauzinho, Jo√£o Pessoa.;3 camas;Jo√£o Pessoa;4.45;156;Apartamento;R$114
Apartamento em Jo√£o Pessoa;Flat em Mana√≠ra Uno Flats 102 Luxuoso 50m da orla;2 camas;Jo√£o Pessoa;4.88;116;Apartamento;R$190
Apartamento em Jo√£o Pessoa;Israel Flat Tamba√∫;1 cama;Jo√£o Pessoa;0;0;Apartamento;R$134
Apartamento em Jo√£o Pessoa;Blue Sunset Prime vista do mar e varanda;3 camas;Jo√£o Pessoa;5.0;13;Apartamento;R$230
Apartamento em Tamba√∫;Israel Flat Tamba√∫ 126 - Praia;1 cama queen;Tamba√∫;4.71;120;Apartamento;R$205
Apartamento em Cabo Branco;BEIRA MAR DE JO√ÉO PESSOA C/ AR APTO 412;1 cama queen;Cabo Branco;4.47;181;Apartamento;R$199
Apartamento em Jo√£o Pessoa;Studio 907 Encantador | Garagem + Wifi 400 MB;2 camas;Jo√£o Pessoa;5.0;4;Apartamento;R$225
Apartamento em Cabo Branco;Goldflat - Vista Piscina, Penareia tur br.;1 cama;Cabo Branco;4.46;48;Apartamento;R$179
Apartamento em Mana√≠ra;Uno Flat Apartamento 204;2 camas;Mana√≠ra;4.81;86;Apartamento;R$171
Apartamento em Tamba√∫;Confort√°vel e exclusivo! Na orla, √† beira mar!;2 camas;Tamba√∫;4.91;35;Apartamento;R$262
Quarto inteiro em Cabo Branco;Bauten Cabo Branco 205, Nov√≠ssimo a 150 m da praia;1 cama;Cabo Branco;4.88;51;Quarto inteiro;R$217
Apartamento em Jo√£o Pessoa;Manaira Gold flat 1505 vizinho ao shopping;1 cama;Jo√£o Pessoa;4.92;12;Apartamento;R$177
Quarto inteiro em Bessa;Quarto inteiro perto da Praia do Bessa.;1 cama de casal;Bessa;5.0;27;Quarto inteiro;R$98
Apartamento em Conjunto Esplanada;Melhor custo benef√≠cio de Jo√£o Pessoa! ALGAROBA.;2 camas de casal;Conjunto Esplanada;4.78;73;Apartamento;R$112
Apartamento em Jo√£o Pessoa;Blue Sunset Prime vista do mar e varanda;3 camas;Jo√£o Pessoa;5.0;13;Apartamento;R$230
Quarto inteiro em Jo√£o Pessoa;Quarto Universit√°rio Confort√°vel;1 cama de solteiro;Jo√£o Pessoa;5.0;5;Quarto inteiro;R$68
Quarto de hotel em Centro;Pousada no centro hist√≥rico de Jo√£o Pessoa;1 cama de casal;Centro;4.5;26;Outro;R$65
Apartamento em Cabo Branco;Lindo Flat Bauten Cabo Branco - Jo√£o Pessoa;2 camas;Cabo Branco;4.92;12;Apartamento;R$194
Apartamento em Torre;Espectacular apt na torre;1 cama de casal;Torre;4.72;76;Apartamento;R$131
Apartamento em Cabedelo;Conforto e bem estar no melhor lugar da cidade.;1 cama;Cabedelo;4.88;16;Apartamento;R$176
Quarto inteiro em Banc√°rios;Quarto Fraternidade;1 cama de solteiro;Banc√°rios;5.0;16;Quarto inteiro;R$102
Apartamento em Jardim Oceania;Lindo apartamento de 2 quartos no Atl√¢ntico Norte;3 camas;Jardim Oceania;4.78;49;Apartamento;R$218
Quarto inteiro em Cabedelo;Su√≠te Mar e Sol - INTERMARES;1 cama queen;Cabedelo;5.0;10;Quarto inteiro;R$137
Apartamento em Jo√£o Pessoa;Apartamento Solmar;1 cama;Jo√£o Pessoa;5.0;3;Apartamento;R$234
Condom√≠nio em Jo√£o Pessoa;Condom√≠nio paradis√≠aco, pr√≥ximo √† praia e o Centro;1 cama;Jo√£o Pessoa;4.5;12;Outro;R$114
Apartamento em Mana√≠ra;Manaira Gold flat , ao lado do Manaira shopping;1 cama;Mana√≠ra;5.0;19;Apartamento;R$205
Quarto inteiro em Jo√£o Pessoa;Um lugar familiar e confort√°vel;3 camas;Jo√£o Pessoa;0;0;Quarto inteiro;R$59
Apartamento em Cabo Branco;Bauten Cabo Branco 206 - completo, 150m da praia;2 camas;Cabo Branco;5.0;51;Apartamento;R$171
Apartamento em Ernani S√°tiro;Melhor custo benef√≠cio !!!Apartamento CARO√Å.;2 camas de casal;Ernani S√°tiro;4.39;66;Apartamento;R$112
Quarto inteiro em Mana√≠ra;Su√≠te Individ. p/ 2 Pessoas c/ Ar condicionado;1 cama de casal;Mana√≠ra;4.95;60;Quarto inteiro;R$114
Quarto inteiro em Cabo Branco;Miramar Deluxe Ambassador Beach;4 camas;Cabo Branco;4.69;26;Quarto inteiro;R$196
Apartamento em Tamba√∫;Apto sensacional no Holandas Prime;1 cama de casal;Tamba√∫;4.73;15;Apartamento;R$265
Apartamento em Mana√≠ra;UNO Flat Luxo com vista para o Mar e 50 mts do Mar;2 camas;Mana√≠ra;4.94;173;Apartamento;R$205
Quarto inteiro em Cabo Branco;Quarto Parahyba - Morada do Sol;2 camas;Cabo Branco;4.92;78;Quarto inteiro;R$121
Apartamento em Mana√≠ra;FLAT Luxo NOVO no Mana√≠ra Apart Hotel- prx a praia;1 cama queen;Mana√≠ra;4.96;84;Apartamento;R$223
Quarto inteiro em Jo√£o Pessoa;Ao poucos passos do mar .;1 cama;Jo√£o Pessoa;5.0;14;Quarto inteiro;R$171
Quarto inteiro em Bessa;Quarto com su√≠te, bem localizado no Bessa;1 cama de casal;Bessa;5.0;24;Quarto inteiro;R$103
Casa em Jo√£o Pessoa;Casa com garagem 900 metros do mar;1 cama queen;Jo√£o Pessoa;5.0;3;Outro;R$104
Apartamento em Jo√£o Pessoa;UNO Flats #10 - luxo pertinho da praia;2 camas;Jo√£o Pessoa;4.89;19;Apartamento;R$205
Quarto inteiro em Jo√£o Pessoa;Quarto Encantador;1 cama de casal;Jo√£o Pessoa;4.94;17;Quarto inteiro;R$72
Apartamento em Cabo Branco;Lindo Flat Na Beira Mar do Cabo Branco Blue Sunset;3 camas;Cabo Branco;4.54;261;Apartamento;R$183
Apartamento em Mana√≠ra;Goldflat - Mana√≠ra | Pr√°tico e confort√°vel;1 cama;Mana√≠ra;4.39;64;Apartamento;R$180
Apartamento em Mana√≠ra;Apto encantador no Manaira Apart Hotel 1301;1 cama;Mana√≠ra;4.93;43;Apartamento;R$261
Apartamento em Tamba√∫;Miramar Studio Praia Premium;2 camas queen;Tamba√∫;4.3;27;Apartamento;R$231
Apartamento em Jo√£o Pessoa;Ap.residencial √° 400 m da orla;1 cama;Jo√£o Pessoa;0;0;Apartamento;R$202
Apartamento em Jo√£o Pessoa;Beira Mar Flat, BrancoCabo!;1 cama king;Jo√£o Pessoa;4.29;17;Apartamento;R$217
Quarto de hotel em Cabo Branco;Marinas Praia Flat Jampa;2 camas;Cabo Branco;4.73;135;Outro;R$283
Apartamento em Ernani S√°tiro;Melhor custo benef√≠cio !!!Apartamento CARO√Å.;2 camas de casal;Ernani S√°tiro;4.39;66;Apartamento;R$112
Apartamento em Jo√£o Pessoa;Apartamento Luxo no Holandas Prime;3 camas;Jo√£o Pessoa;4.5;6;Apartamento;R$347
Quarto inteiro em Cabo Branco;Flat Nord Cabo Branco.;2 camas;Cabo Branco;4.79;43;Quarto inteiro;R$228
Quarto inteiro em Bessa;Quarto com su√≠te, bem localizado no Bessa;1 cama de casal;Bessa;5.0;24;Quarto inteiro;R$103
Apartamento em Tamba√∫;Maravilhoso Apto no Holandas Prime;4 camas;Tamba√∫;3.89;9;Apartamento;R$283
Quarto inteiro em Intermares;Flat Victory Intermares;;Intermares;4.64;33;Quarto inteiro;R$168
Quarto inteiro em Mana√≠ra;Su√≠te simples individual em Mana√≠ra Caf√© Incluso.;1 cama;Mana√≠ra;4.91;11;Quarto inteiro;R$86
Apartamento em Intermares;Linda Vista para o mar equipad√≠ssimo 508;1 cama de casal;Intermares;4.89;159;Apartamento;R$296
Quarto inteiro em Cabo Branco;Quarto Parahyba - Morada do Sol;2 camas;Cabo Branco;4.92;78;Quarto inteiro;R$121
Quarto inteiro em Cabo Branco;Flat Marinas Cabo Branco com Vista Mar;2 camas;Cabo Branco;4.57;138;Quarto inteiro;R$274
Quarto inteiro em Jo√£o Pessoa;Quarto Encantador;1 cama de casal;Jo√£o Pessoa;4.94;17;Quarto inteiro;R$72
Apartamento em Jo√£o Pessoa;Mi casa es su casa;2 camas;Jo√£o Pessoa;4.86;14;Apartamento;R$143
Apartamento em Tamba√∫;Apart Miramar Deluxe Praia;1 cama de casal;Tamba√∫;5.0;3;Apartamento;R$231
Casa em Jo√£o Pessoa;Casa com garagem 900 metros do mar;1 cama queen;Jo√£o Pessoa;4.5;6;Outro;R$104
Quarto inteiro em Jo√£o Pessoa;Bosque Ingl√™s- Quarto Banc√°rios Jo√£o Pessoa;1 cama de casal;Jo√£o Pessoa;5.0;12;Quarto inteiro;R$54
Apartamento em Cabedelo;Lazer e tranquilidade na orla de Intermares;1 cama;Cabedelo;4.82;45;Apartamento;R$221
Quarto inteiro em Cabo Branco;Bauten Flat201 na praia de Cabo Branco em JP;3 camas;Cabo Branco;4.41;41;Quarto inteiro;R$217
Apartamento em Mana√≠ra;Goldflat - Mana√≠ra | Duas camas de solteiro;2 camas;Mana√≠ra;4.92;48;Apartamento;R$180
Casa em Bessa;Kitnet no Bessa (cama nupcial da rainha);2 camas queen;Bessa;0;0;Outro;R$160
Apartamento em Jo√£o Pessoa;Apartamento completo na praia do Bessa;2 camas;Jo√£o Pessoa;4.47;32;Apartamento;R$224
Apartamento em Bessa;Loft de luxo √† beira-mar, com piscina privativa.;3 camas;Bessa;4.85;76;Apartamento;R$223
Apartamento em Intermares;Flat na praia do Caribessa. Jo√£o Pessoa/PB.;2 camas;Intermares;5.0;4;Apartamento;R$650
Apartamento em Jo√£o Pessoa;Quarto Cabo Branco - Morada do Sol;2 camas de solteiro;Jo√£o Pessoa;4.96;69;Apartamento;R$342
Quarto inteiro em Cabo Branco;APT Sofisticado no Cabo Branco - Beira Mar!;3 camas queen;Cabo Branco;5.0;6;Quarto inteiro;R$120
Apartamento em Jo√£o Pessoa;Goldflat - Mana√≠ra | Luxo & conforto.;1 cama;Jo√£o Pessoa;4.68;44;Apartamento;R$685
Apartamento em Mana√≠ra;Apartamento de Alto Padrao;3 camas;Mana√≠ra;0;0;Apartamento;R$180
Apartamento em Jo√£o Pessoa;Apto incr√≠vel √† 200mts da Praia do Bessa.;4 camas;Jo√£o Pessoa;4.97;72;Apartamento;R$402
Condom√≠nio em Jardim Oceania;Alugo apartamento por di√°ria 230,00;3 camas;Jardim Oceania;5.0;15;Outro;R$479
Apartamento em Bessa;Apartamento completo na praia do Bessa;2 camas;Bessa;4.47;32;Apartamento;R$223
Apartamento em Jo√£o Pessoa;Apartamento de Alto Padrao;3 camas;Jo√£o Pessoa;0;0;Apartamento;R$402
Apartamento em Jo√£o Pessoa;Flat 40mts novo com vaga de garagem em Manaira;1 cama de casal;Jo√£o Pessoa;4.71;197;Apartamento;R$210
Apartamento em Cabo Branco;Luxuoso Flat no Vivendas do Mar;2 camas;Cabo Branco;4.45;33;Apartamento;R$208
Condom√≠nio em Mana√≠ra;Alugo apartamento por di√°ria 230,00;3 camas;Mana√≠ra;5.0;15;Outro;R$236
Apartamento em Altiplano Cabo Branco;Apartamento aconchegante,bem localizado.;2 camas;Altiplano Cabo Branco;4.91;43;Apartamento;R$194
Quarto inteiro em Mana√≠ra;Q Suite indiv em apto p 2 pessoas c/ ar condicion.;1 cama;Mana√≠ra;5.0;24;Quarto inteiro;R$148
Condom√≠nio em Jardim Oceania;lindo apartamento na beira mar da praia do Bessa, conhecido como caribessa pela beleza natural da praia. Ambiente familiar e com toda estrutura para sua hospedagem.;1 cama de casal;Jardim Oceania;4.94;35;Outro;R$353
Quarto de hotel em Jo√£o Pessoa ;Flat frente mar - luxo completo;1 cama queen;Jo√£o Pessoa ;4.85;112;Outro;R$256
Apartamento em Jo√£o Pessoa;APT Sofisticado no Cabo Branco - Beira Mar!;3 camas queen;Jo√£o Pessoa;5.0;6;Apartamento;R$685
Apartamento em Cabo Branco;Bauten Cabo Branco 306 - Flat moderno e equipado pr√≥ximo ao mar por Carpediem;2 camas;Cabo Branco;4.91;11;Apartamento;R$247
Apartamento em Jo√£o Pessoa;Apartamento Praia de Cabo Branco;3 camas;Jo√£o Pessoa;0;0;Apartamento;R$280
Quarto inteiro em Jo√£o Pessoa;Kitnet bairro dos Ip√™s;1 cama;Jo√£o Pessoa;4.67;9;Quarto inteiro;R$79
Apartamento em Tamba√∫;Flat Imperial Tamba√∫ (M√≥vel) Beira mar;1 cama;Tamba√∫;4.81;52;Apartamento;R$267
Apartamento em Jo√£o Pessoa;Casa de Carla;3 camas;Jo√£o Pessoa;5.0;5;Apartamento;R$165
Apartamento em Mana√≠ra;Goldflat - Mana√≠ra | Luxo & conforto.;1 cama;Mana√≠ra;4.68;44;Apartamento;R$180
Quarto inteiro em Mana√≠ra;Quarto* ind. em apto p 2pessoas c/ventilador;1 cama;Mana√≠ra;5.0;7;Quarto inteiro;R$126
Apartamento em Jo√£o Pessoa;Apartamento √≥timo no bessa!;2 camas de casal;Jo√£o Pessoa;4.82;11;Apartamento;R$137
Quarto inteiro em Mana√≠ra;Quarto* ind. em apto p 2pessoas c/ventilador;1 cama;Mana√≠ra;5.0;7;Quarto inteiro;R$126
Apartamento em Bessa;Apartamento a 200 mt da praia
Bem localizado;2 camas;Bessa;4.5;4;Apartamento;R$171
Apartamento em Tamba√∫;Cobertura c/ jacuzzi a 150mts da praia de Tamba√∫;4 camas;Tamba√∫;4.94;87;Apartamento;R$760
Apartamento em Jo√£o Pessoa;Apartamento no Holandas Prime;4 camas;Jo√£o Pessoa;4.79;125;Apartamento;R$271
Quarto de hotel em Jo√£o Pessoa ;Flat frente mar com varanda e vista para mar;2 camas;Jo√£o Pessoa ;4.81;52;Outro;R$281
Apartamento em Tamba√∫;Flat Imperial Tamba√∫ (M√≥vel) Beira mar;1 cama;Tamba√∫;4.91;11;Apartamento;R$267
Apartamento em Cabo Branco;Bauten Cabo Branco 306 - Flat moderno e equipado pr√≥ximo ao mar por Carpediem;2 camas;Cabo Branco;0;0;Apartamento;R$247
Apartamento em Cabedelo;Amplo apartamento em Intermares;2 camas;Cabedelo;4.76;62;Apartamento;R$198
Apartamento em Jardim Oceania;Espetacular Apartamento no Atl√¢ntico Norte;4 camas;Jardim Oceania;4.94;35;Apartamento;R$218
Condom√≠nio em Jardim Oceania;lindo apartamento na beira mar da praia do Bessa, conhecido como caribessa pela beleza natural da praia. Ambiente familiar e com toda estrutura para sua hospedagem.;1 cama de casal;Jardim Oceania;4.93;126;Outro;R$353
Apartamento em Loteamento Bela Vista;408 Vista para o Mar, na praia de Intermares;1 cama de casal;Loteamento Bela Vista;5.0;10;Apartamento;R$296
Apartamento em Jo√£o Pessoa;Apartamento encantador com estacionamento incluso.;5 camas;Jo√£o Pessoa;5.0;5;Apartamento;R$377
Apartamento em Jo√£o Pessoa;Casa de Carla;3 camas;Jo√£o Pessoa;4.86;66;Apartamento;R$165
Apartamento em Cabo Branco;Flat ao Som das Ondas do Mar Cabo Branco mine coz.;1 cama queen;Cabo Branco;0;0;Apartamento;R$225
Quarto inteiro em Jo√£o Pessoa;Apartamento Cabo Branco BT203;1 cama;Jo√£o Pessoa;0;0;Quarto inteiro;R$195
Apartamento em Jo√£o Pessoa;Apartamento Praia de Cabo Branco;3 camas;Jo√£o Pessoa;4.9;126;Apartamento;R$280
Apartamento em Intermares;Loft de luxo √† beira-mar, com piscina privativa.;3 camas;Intermares;4.85;76;Apartamento;R$650
Apartamento em Cabedelo;Aconchegante, 200 metro da praia;5 camas;Cabedelo;0;0;Apartamento;R$208
Apartamento em Cabo Branco;Flat ao Som das Ondas do Mar Cabo Branco mine coz.;1 cama queen;Cabo Branco;4.86;66;Apartamento;R$225
Apartamento em Jo√£o Pessoa;Lindo Apart no Paradise Beach;1 cama queen;Jo√£o Pessoa;0;0;Apartamento;R$203
Apartamento em Gramame;Confort√°vel AP, na sa√≠da para o litoral Sul!;2 camas;Gramame;4.82;11;Apartamento;R$103
Apartamento em Cabo Branco;Sensacional Apartamento no Gold Flat - Cabo Branco;1 cama queen;Cabo Branco;4.83;166;Apartamento;R$219
Apartamento em Tamba√∫;Aparatamento a 50m do mar , em frente a pic√£ozinho;2 camas;Tamba√∫;4.88;17;Apartamento;R$251
Apartamento em Jo√£o Pessoa;√ìtima localiza√ß√£o, 3 qtos, piscina, 1,8 km praias;2 camas;Jo√£o Pessoa;4.2;10;Apartamento;R$228
Quarto compartilhado em Jo√£o Pessoa;Cama em quarto para 3 pessoas (B1);1 cama;Jo√£o Pessoa;5.0;3;Quarto compartilhado;R$57
Quarto inteiro em Jo√£o Pessoa;Casinha aconchegante;1 cama;Jo√£o Pessoa;0;0;Quarto inteiro;R$60
Quarto inteiro em Cabo Branco;Miramar Suits Ambassador Praia;2 camas king;Cabo Branco;4.67;12;Quarto inteiro;R$196
Apartamento em Jardim Oceania;Espetacular Apartamento no Atl√¢ntico Norte;4 camas;Jardim Oceania;4.76;62;Apartamento;R$218
Apartamento em Cabedelo;Amplo apartamento em Intermares;2 camas;Cabedelo;0;0;Apartamento;R$198
Apartamento em Jo√£o Pessoa;Apartamento pr√≥ximo √†s praias do litoral sul;2 camas queen;Jo√£o Pessoa;0;0;Apartamento;R$100
Apartamento em Bessa;Apartamento a 200 mt da praia
Bem localizado;2 camas;Bessa;4.5;4;Apartamento;R$171
Apartamento em Tamba√∫;Cobertura c/ jacuzzi a 150mts da praia de Tamba√∫;4 camas;Tamba√∫;4.94;87;Apartamento;R$760
Apartamento em Jo√£o Pessoa;Apartamento encantador com estacionamento incluso.;5 camas;Jo√£o Pessoa;5.0;10;Apartamento;R$377
Apartamento em Jo√£o Pessoa;Apartamento de F√©rias Pr√≥x Praia Bessa e Caribessa;2 camas de casal;Jo√£o Pessoa;0;0;Apartamento;R$409
Condom√≠nio em Ponta de Campina;Raridade - Vista para o mar do caribe brasileiro;3 camas;Ponta de Campina;4.88;40;Outro;R$285
Quarto inteiro em Jo√£o Pessoa;Apartamento Cabo Branco BT203;1 cama;Jo√£o Pessoa;0;0;Quarto inteiro;R$195
Quarto inteiro em Jo√£o Pessoa;Balan√ßo da rede perto da praia‚Ä¶;1 cama;Jo√£o Pessoa;5.0;4;Quarto inteiro;R$92
Loft em Loteamento Bela Vista;Apto a beira mar com linda vista 207;1 cama;Loteamento Bela Vista;4.96;27;Outro;R$284
Quarto inteiro em Mangabeira;Su√≠te na Cidade Onde o Sol Nasce Primeiro;2 camas;Mangabeira;5.0;17;Quarto inteiro;R$107
Condom√≠nio em Jo√£o Pessoa;Apartamento em Tamba√∫ - Studio  - 01 cama de Casal;1 cama;Jo√£o Pessoa;5.0;8;Outro;R$363
Apartamento em Jo√£o Pessoa;Sensasional Studio Vista Mar no Box 150;1 cama queen;Jo√£o Pessoa;4.75;4;Apartamento;R$286
Apartamento em Jardim Oceania;Apartamento no melhor do caribessa;5 camas;Jardim Oceania;4.91;11;Apartamento;R$421
Apartamento em Jo√£o Pessoa;Apartamento charmoso no Manaira Apart Hotel 502a;1 cama queen;Jo√£o Pessoa;4.79;19;Apartamento;R$273
Apartamento em Cabo Branco;Flat completo na beira-mar de Cabo Branco;2 camas;Cabo Branco;4.97;35;Apartamento;R$365
Quarto inteiro em Banc√°rios;Su√≠te Leveza;2 camas;Banc√°rios;0;0;Quarto inteiro;R$159
Apartamento em Jo√£o Pessoa;Apartamento em Holandas Prime!;3 camas;Jo√£o Pessoa;0;0;Apartamento;R$265
Apartamento em Jo√£o Pessoa;Apartamento no Holandas Prime;4 camas;Jo√£o Pessoa;0;0;Apartamento;R$271
Apartamento em Jo√£o Pessoa;Apartamento beira mar no Bessa;2 camas queen;Jo√£o Pessoa;3.75;4;Apartamento;R$373
Apartamento em Jo√£o Pessoa;Apto no Fortune Cabo Branco;1 cama queen;Jo√£o Pessoa;4.7;10;Apartamento;R$213
Apartamento em Jo√£o Pessoa;Gold Flat - Vista para a piscina de Cabo Branco;2 camas;Jo√£o Pessoa;4.95;44;Apartamento;R$219
Apartamento em Jo√£o Pessoa;Flat Beira mar Tamba√∫;2 camas;Jo√£o Pessoa;5.0;8;Apartamento;R$341
Quarto inteiro em Jo√£o Pessoa;Su√≠te Universit√°ria II em Jampa;1 cama de casal;Jo√£o Pessoa;4.71;17;Quarto inteiro;R$91
Apartamento em Tamba√∫;Miramar Apart Praia Confort;1 cama king;Tamba√∫;5.0;4;Apartamento;R$231
Apartamento em Cabedelo;Flat completo em Intermares a poucos passos do mar;1 cama;Cabedelo;4.93;14;Apartamento;R$317
Quarto inteiro em Mana√≠ra;Quarto**em Apart. P 2 pessoas c/ ArCondicionado;2 camas;Mana√≠ra;4.79;29;Quarto inteiro;R$137
Apartamento em Tamba√∫;Apartamento aconchegante a 50 m da praia.;2 camas;Tamba√∫;4.7;10;Apartamento;R$262
Apartamento em Cabo Branco;Atl√¢ntico Apto beira-mar do Cabo Branco c/ piscina;2 camas;Cabo Branco;4.96;27;Apartamento;R$500
Apartamento em Cabo Branco;Bauten Cabo Branco Flat 312;1 cama queen;Cabo Branco;4.42;24;Apartamento;R$320
Condom√≠nio em Cabo Branco;Fantastico Flat no Blue Sunset;1 cama king;Cabo Branco;4.85;116;Outro;R$196
Apartamento em Cabedelo;Apto a beira mar lindo e aconchegante 111;2 camas;Cabedelo;4.29;7;Apartamento;R$296
Apartamento em Jo√£o Pessoa;Flat no Pacific em Mana√≠ra;2 camas de solteiro;Jo√£o Pessoa;0;0;Apartamento;R$219
Apartamento em Jo√£o Pessoa;Lindo Apartamento no Victory;3 camas;Jo√£o Pessoa;4.79;106;Apartamento;R$174
Apartamento em Jo√£o Pessoa;Apartamento de luxo no Holandas Prime!;5 camas;Jo√£o Pessoa;4.94;34;Apartamento;R$335
Apartamento em Cabo Branco;Flat Beira-Mar 2 Passos do Para√≠so (106);1 cama queen;Cabo Branco;4.8;5;Apartamento;R$291
Apartamento em Tamba√∫;Flat Apto503 Ecosummer, 2Quartos cozinha completa;4 camas;Tamba√∫;4.75;28;Apartamento;R$493
Quarto de hotel em Jo√£o Pessoa;Su√≠te beira-mar em Cabo Branco;2 camas;Jo√£o Pessoa;4.2;5;Outro;R$251
Quarto inteiro em Aeroclube;Miramar Apart 3 Quartos no Oceania;4 camas;Aeroclube;4.9;41;Quarto inteiro;R$313
Apartamento em Tamba√∫;Apto Miramar Praia Luxo;1 cama de casal;Tamba√∫;4.73;11;Apartamento;R$231
Apartamento em Praia Cabo Branco;BEIRA-MAR FLAT DA FAM√çLIA- comodidade e luxo;4 camas;Praia Cabo Branco;4.85;62;Apartamento;R$513
Apartamento em Jo√£o Pessoa;Flat Duplex Marinas /cabo Branco;1 cama de casal;Jo√£o Pessoa;4.88;26;Apartamento;R$251
Apartamento em Cabo Branco;Bauten Cabo Branco Flat 210 novo uma quadra praia;1 cama de casal;Cabo Branco;4.0;5;Apartamento;R$283
Apartamento em Jo√£o Pessoa;Vivendas do mar, Flat agrad√°vel e confort√°vel‚Ä¶.;1 cama;Jo√£o Pessoa;5.0;43;Apartamento;R$283
Quarto inteiro em Mana√≠ra;Quarto individual em AP compartilh. P/2 pessoas;3 camas;Mana√≠ra;4.86;21;Quarto inteiro;R$114
Apartamento em Tamba√∫;Apartamento Luxo Miramar Praia;1 cama king;Tamba√∫;4.88;188;Apartamento;R$231
Condom√≠nio em Tamba√∫;Apartamento 3 quartos, 400M da praia de Tamba√∫;4 camas;Tamba√∫;4.8;5;Outro;R$542
Apartamento em Jo√£o Pessoa;Flat espetacular em beira mar de Tamba√∫!;3 camas;Jo√£o Pessoa;4.8;5;Apartamento;R$313
Apartamento em Cabedelo;Est√∫dio Manaira Flat;1 cama;Cabedelo;4.91;11;Apartamento;R$143
Apartamento em Tamba√∫;FLAT A BEIRA MAR. ORGANIZADO, LIMPO E ACONCHEGANTE;1 cama de casal;Tamba√∫;4.37;41;Apartamento;R$285
Apartamento em Cabo Branco;Su√≠tes Sunrise Blue/ com varanda;2 camas;Cabo Branco;4.94;33;Apartamento;R$199
Apartamento em Intermares;Apto com maravilhosa vista mar em Intermares 523;2 camas;Intermares;0;0;Apartamento;R$296
Apartamento em Jo√£o Pessoa;apartamento pequeno para alugar;1 cama;Jo√£o Pessoa;4.63;48;Apartamento;R$171
Apartamento em Cabo Branco;Encantos de Cabo Branco V;3 camas;Cabo Branco;4.17;6;Apartamento;R$331
Casa em Praia de Fagundes;Casa para temporada em Fagundes/Lucena - PB;3 camas;Praia de Fagundes;4.9;51;Outro;R$88
Quarto compartilhado em Jo√£o Pessoa;quarto compartilhado c anfitri√£o;1 cama;Jo√£o Pessoa;0;0;Quarto compartilhado;R$70
Apartamento em Cabo Branco;Encantos do Cabo Branco l l;1 cama de casal;Cabo Branco;4.78;68;Apartamento;R$314
Apartamento em Jo√£o Pessoa;Apto sensacional no Luxor Paulo Miranda;3 camas;Jo√£o Pessoa;0;0;Apartamento;R$290
Loft em Cabedelo;Studio decorado TOP - at√© 4 pessoas - 200m praia;3 camas;Cabedelo;4.8;5;Outro;R$254
Apartamento em Jo√£o Pessoa;Lindo apartamento em Holandas Prime!;4 camas;Jo√£o Pessoa;0;0;Apartamento;R$293
Apartamento em Cabo Branco;Flat Marinas PB;1 cama de casal;Cabo Branco;0;0;Apartamento;R$257
Quarto inteiro em Jo√£o Pessoa;Quarto para mulheres viajantes!;1 cama;Jo√£o Pessoa;4.36;11;Quarto inteiro;R$98
Apartamento em Jo√£o Pessoa;Israel flat - duplex;1 cama de casal;Jo√£o Pessoa;4.47;30;Apartamento;R$350
Apartamento em Tamba√∫;Confort Apart Deluxe Praia;3 camas;Tamba√∫;5.0;5;Apartamento;R$231
Quarto inteiro em Centro;Quarto no centro, o cora√ß√£o da Parahyba;1 cama de solteiro;Centro;0;0;Quarto inteiro;R$126
Quarto inteiro em Jo√£o Pessoa;Quarto estilo hotel em mans√£o com piscina;1 cama de casal;Jo√£o Pessoa;4.97;89;Quarto inteiro;R$126
Quarto inteiro em Jo√£o Pessoa;Quarto privado perto da orla;2 camas;Jo√£o Pessoa;0;0;Quarto inteiro;R$155
Apartamento em Cabo Branco;PR√ìXIMO  √Ä  PRAIA  SUPERMERCADOS RESTAURANTES.;3 camas;Cabo Branco;4.57;131;Apartamento;R$571
Apartamento em Jo√£o Pessoa;Apartamento a 50 metros do mar;3 camas;Jo√£o Pessoa;5.0;4;Apartamento;R$284
Condom√≠nio em Jo√£o Pessoa;Apartamento 1 quarto, beira mar, Mana√≠ra;1 cama de casal;Jo√£o Pessoa;0;0;Outro;R$290
Apartamento em Conde;Flat beira mar com caf√© da manh√£;2 camas;Conde;4.77;62;Apartamento;R$342
Apartamento em Tamba√∫;Confort Apart Deluxe Praia;3 camas;Tamba√∫;4.47;30;Apartamento;R$231
Apartamento em Cabo Branco;Atl√¢ntico Apto beira-mar do Cabo Branco c/ piscina;2 camas;Cabo Branco;4.7;10;Apartamento;R$500
Apartamento em Jo√£o Pessoa;Apartamento sensacional MH no Holandas Prime;3 camas;Jo√£o Pessoa;4.25;4;Apartamento;R$276
Quarto de hotel em Jo√£o Pessoa;Flat a 100m do Mag Shopping;1 cama de casal;Jo√£o Pessoa;5.0;4;Outro;R$408
Apartamento em Jo√£o Pessoa;Est√∫dio na Praia de Cabo Branco - Blue Sunset;2 camas;Jo√£o Pessoa;4.79;235;Apartamento;R$234
Apartamento em Conde;FlatsJasmim, Apartamento completo Jacum√£-Conde;2 camas;Conde;0;0;Apartamento;R$205
Apartamento em Cabo Branco;Encantos do Cabo Branco l l;1 cama de casal;Cabo Branco;4.78;68;Apartamento;R$314
Quarto inteiro em Mana√≠ra;Quarto 03 p/ at√© 3 pessoas em Mana√≠ra Caf√© Incluso;2 camas;Mana√≠ra;4.8;45;Quarto inteiro;R$114
Apartamento em Cabedelo;Est√∫dio Manaira Flat;1 cama;Cabedelo;4.8;5;Apartamento;R$143
Casa em Mana√≠ra;ChicoTeka - Mana√≠ra;7 camas;Mana√≠ra;4.79;38;Outro;R$1.250
Apartamento em Jo√£o Pessoa;Flat em hotel na beira mar de Tamba√∫;3 camas;Jo√£o Pessoa;4.42;12;Apartamento;R$302
Quarto inteiro em Mana√≠ra;Quarto 01 p/ at√© 3 pessoas em Mana√≠ra Caf√© Incluso;2 camas;Mana√≠ra;4.86;69;Quarto inteiro;R$114
Apartamento em Jo√£o Pessoa;Beira mar de Tamba√∫ 
Imperial;3 camas;Jo√£o Pessoa;4.83;6;Apartamento;R$291
Apartamento em Tamba√∫;Apartamento Miramar Praia Studio;2 camas queen;Tamba√∫;4.67;12;Apartamento;R$231
Apartamento em Cabo Branco;Encantos de Cabo Branco V;3 camas;Cabo Branco;4.63;48;Apartamento;R$331
Condom√≠nio em Cabo Branco;Fantastico Flat no Blue Sunset;1 cama king;Cabo Branco;4.42;24;Outro;R$196
Loft em Cabo Branco;√ìtimo flat na beira mar de Cabo branco;2 camas;Cabo Branco;4.67;28;Outro;R$331
Quarto inteiro em Jo√£o Pessoa;Quarto estilo hotel em mans√£o com piscina;1 cama de casal;Jo√£o Pessoa;5.0;5;Quarto inteiro;R$126
Apartamento em Tamba√∫;Flat aconchegante no cora√ß√£o da orla de Tamba√∫.;2 camas;Tamba√∫;4.52;21;Apartamento;R$262
Apartamento em Conde;Cobertura Localiza√ß√£o Privilegiada em Jacuma;4 camas;Conde;4.79;19;Apartamento;R$297
Apartamento em Cabo Branco;Flat Est√∫dio Beira Mar Cabo Branco;3 camas;Cabo Branco;4.82;11;Apartamento;R$250
Apartamento em Intermares;Lindo Flat Wind;1 cama queen;Intermares;4.2;5;Apartamento;R$156
Apartamento em Jo√£o Pessoa;Flat no Pacific em Mana√≠ra;2 camas de solteiro;Jo√£o Pessoa;4.83;30;Apartamento;R$219
Apartamento em Cabo Branco;Flat encantador em Jo√£o Pessoa no Cabo Branco üå¥;2 camas;Cabo Branco;4.87;76;Apartamento;R$342
Apartamento em Tamba√∫;Flat beira mar. Jo√£o Pessoa PB;4 camas;Tamba√∫;0;0;Apartamento;R$342
Apartamento em Jo√£o Pessoa;lindo e enorme cobertura;3 camas;Jo√£o Pessoa;0;0;Apartamento;R$194
Quarto inteiro em Jo√£o Pessoa;Quarto amplo Refrescante;2 camas;Jo√£o Pessoa;0;0;Quarto inteiro;R$64
Quarto inteiro em Jo√£o Pessoa;Michel Hospedagem de Quartos!;1 cama queen;Jo√£o Pessoa;4.86;21;Quarto inteiro;R$148
Apartamento em Cabo Branco;Flat no Marinas - Beira mar de Cabo Branco;4 camas;Cabo Branco;5.0;6;Apartamento;R$491
Quarto inteiro em Cabo Branco;Quarto com ar, Cabo branco;1 cama;Cabo Branco;4.77;62;Quarto inteiro;R$114
Apartamento em Cabo Branco;Lindo Apartamento no Gold Flat;1 cama de casal;Cabo Branco;4.78;93;Apartamento;R$184
Apartamento em Jo√£o Pessoa ;Israel Cobertura plana piscina individual vista para o mar;2 camas;Jo√£o Pessoa ;0;0;Apartamento;R$571
Casa de veraneio em Cabedelo;Casa em camboinha, 250m da praia.;3 camas;Cabedelo;4.97;89;Outro;R$742
Quarto inteiro em Jo√£o Pessoa;Lindo Apartamento Cabo Branco BT404;1 cama;Jo√£o Pessoa;4.45;33;Quarto inteiro;R$195
Apartamento em Cabo Branco;P√îR-DO-SOL AZUL PLANO CABO BRANCO;1 cama king;Cabo Branco;4.04;27;Apartamento;R$190
Casa de veraneio em Cabedelo;Casa em camboinha, 250m da praia.;3 camas;Cabedelo;0;0;Outro;R$742
Apartamento em Jo√£o Pessoa;Beira mar de Tamba√∫ 
Imperial;3 camas;Jo√£o Pessoa;4.83;6;Apartamento;R$291
Apartamento em Jo√£o Pessoa;Fant√°stico Apartamento no Vela & Mar;1 cama de casal;Jo√£o Pessoa;4.33;3;Apartamento;R$174
Apartamento em Jo√£o Pessoa;Flat beira-mar Cabo Branco;2 camas;Jo√£o Pessoa;5.0;5;Apartamento;R$297
Apartamento em Jo√£o Pessoa;30m da praia de Cabo Branco. Menos de 1 min √† p√©.;2 camas;Jo√£o Pessoa;4.67;9;Apartamento;R$286
Quarto inteiro em Jacum√£;Su√≠te de h√≥spede aconchegante.;1 cama;Jacum√£;4.79;24;Quarto inteiro;R$114
Apartamento em Cabo Branco;Encantos de Cabo Branco Xll;3 camas;Cabo Branco;4.8;5;Apartamento;R$308
Quarto inteiro em Jo√£o Pessoa;Quarto amplo Refrescante;2 camas;Jo√£o Pessoa;0;0;Quarto inteiro;R$64
Condom√≠nio em Loteamento Bela Vista;Apartamento no melhor do Intermares;2 camas;Loteamento Bela Vista;5.0;3;Outro;R$399
Apartamento em Jo√£o Pessoa;Est√∫dio na Praia de Cabo Branco - Blue Sunset;2 camas;Jo√£o Pessoa;4.79;235;Apartamento;R$234
Quarto inteiro em Jo√£o Pessoa;Apartamento Encantador Cabo Branco BT206;1 cama;Jo√£o Pessoa;5.0;4;Quarto inteiro;R$195
Apartamento em Jo√£o Pessoa;Pal√°cio Flat Mana√≠ra;2 camas;Jo√£o Pessoa;0;0;Apartamento;R$251
Apartamento em Jo√£o Pessoa;Apto no Bessa;2 camas;Jo√£o Pessoa;4.5;6;Apartamento;R$169
